identifiant,email,nom,genre
150,RochMireault@gustr.com,Roch Mireault,M
151,NathalieCormier@cuvox.de,Nathalie Cormier,F
152,VallisMainville@gustr.com,Vallis Mainville,M
153,DanielleNeufville@teleworm.us,Danielle Neufville,F
154,AllyrianeRacine@gustr.com,Allyriane Racine,F
155,PierpontFlamand@fleckens.hu,Pierpont Flamand,M
156,DanielHuot@rhyta.com,Daniel Huot,M
157,HughPoisson@fleckens.hu,Hugh Poisson,M
158,YoletteMoreau@dayrep.com,Yolette Moreau,F
159,GasparReault@dayrep.com,Gaspar Reault,M
160,DelitBisaillon@teleworm.us,Delit Bisaillon,F
161,ManonDastous@armyspy.com,Manon Dastous,F
162,LoyalFouquet@armyspy.com,Loyal Fouquet,M
163,ApollineLaframboise@teleworm.us,Apolline Laframboise,F
164,OrielMiron@jourrapide.com,Oriel Miron,F
165,LianeLaGarde@cuvox.de,Liane La Garde,F
166,AnastasieCroteau@rhyta.com,Anastasie Croteau,F
167,VerneyCourse@armyspy.com,Verney Course,M
168,VoletaAdler@armyspy.com,Voleta Adler,F
169,PlattParent@jourrapide.com,Platt Parent,M
170,BlondelleAilleboust@gustr.com,Blondelle Ailleboust,F
171,AurelieDesnoyer@armyspy.com,Aurelie Desnoyer,F
172,AvelaineGadbois@dayrep.com,Avelaine Gadbois,F
173,BriceGrondin@fleckens.hu,Brice Grondin,M
174,ZacharieDuplessis@rhyta.com,Zacharie Duplessis,M
175,OgierGervais@gustr.com,Ogier Gervais,M
176,FusbertaRancourt@rhyta.com,Fusberta Rancourt,F
177,CamilleLaurent@superrito.com,Camille Laurent,F
178,CeriseMontminy@dayrep.com,Cerise Montminy,F
179,JosetteRiquier@armyspy.com,Josette Riquier,F
180,AgnesBriard@cuvox.de,Agnes Briard,F
181,AvrilRocheleau@fleckens.hu,Avril Rocheleau,F
182,BenoitGauvin@teleworm.us,Benoit Gauvin,M
183,HeloiseMarcil@fleckens.hu,Heloise Marcil,F
184,RolandDupont@einrot.com,Roland Dupont,M
185,SolaineLabrecque@fleckens.hu,Solaine Labrecque,F
186,JulieBeauchemin@teleworm.us,Julie Beauchemin,F
187,KarelDandonneau@dayrep.com,Karel Dandonneau,M
188,PaienBeauchesne@rhyta.com,Paien Beauchesne,M
189,AdeleClavette@cuvox.de,Adele Clavette,F
190,LotyeJodion@fleckens.hu,Lotye Jodion,F
191,AmaranteLacroix@fleckens.hu,Amarante Lacroix,F
192,XarlesCaisse@jourrapide.com,Xarles Caisse,M
193,LealaLemelin@dayrep.com,Leala Lemelin,F
194,ChantalLamoureux@jourrapide.com,Chantal Lamoureux,F
195,NinetteAdler@superrito.com,Ninette Adler,F
196,EmmanuelleLabrie@einrot.com,Emmanuelle Labrie,F
197,HuonDeLaRonde@rhyta.com,Huon De La Ronde,M
198,SimoneSt-Pierre@jourrapide.com,Simone St- Pierre,F
199,PeverellMazuret@dayrep.com,Peverell Mazuret,M
200,LorrainePaulet@einrot.com,Lorraine Paulet,F
201,DemiLazure@cuvox.de,Demi Lazure,F
202,AgramantGrandpre@rhyta.com,Agramant Grandpre,M
203,ClothildeBerie@teleworm.us,Clothilde Berie,F
204,AimeMarseau@dayrep.com,Aime Marseau,M
205,RogerDeLaRonde@gustr.com,Roger De La Ronde,M
206,AiglentinaMarcheterre@superrito.com,Aiglentina Marcheterre,F
207,NoemiLaisne@rhyta.com,Noemi Laisne,F
208,DenisPatenaude@einrot.com,Denis Patenaude,M
209,JulienBeriault@rhyta.com,Julien Beriault,M
210,MartheQuerry@einrot.com,Marthe Querry,F
211,ParfaitBedard@armyspy.com,Parfait Bedard,M
212,MandelBarteaux@gustr.com,Mandel Barteaux,M
213,PauletteLemaitre@fleckens.hu,Paulette Lemaitre,F
214,YoletteLanoie@dayrep.com,Yolette Lanoie,F
215,LucilleBaron@superrito.com,Lucille Baron,F
216,ChappellSarrazin@rhyta.com,Chappell Sarrazin,M
217,GanoHetu@fleckens.hu,Gano Hetu,M
218,MinetteRoy@fleckens.hu,Minette Roy,F
219,RoslynChalifour@cuvox.de,Roslyn Chalifour,M
220,KarelBazinet@einrot.com,Karel Bazinet,M
221,JosetteBordeleau@einrot.com,Josette Bordeleau,F
222,LangleyCaron@armyspy.com,Langley Caron,M
223,ClaudeDandonneau@jourrapide.com,Claude Dandonneau,F
224,ApollineMichaud@superrito.com,Apolline Michaud,F
225,PascalineBeaudry@rhyta.com,Pascaline Beaudry,F
226,FleurCaouette@jourrapide.com,Fleur Caouette,F
227,FrancisMasse@jourrapide.com,Francis Masse,M
